,code,predictmonth,predicted_range,predicted_prob,type,monthly_returns,display_name,name
0,002120.XSHE,2018-01,0,0.70232844,Long,-0.06394490900147554,韵达股份,YDGF
1,600029.XSHG,2018-01,0,0.67853564,Long,-0.011986301369863115,南方航空,NFHK
2,600547.XSHG,2018-01,0,0.62688684,Long,0.018978761861726312,山东黄金,SDHJ
3,600516.XSHG,2018-01,0,0.60490614,Long,0.026194144838212585,方大炭素,FDTS
4,002001.XSHE,2018-01,0,0.5954808,Long,0.033653846153846034,新和成,XHC
5,000651.XSHE,2018-01,0,0.5947131,Long,0.27994157740993186,格力电器,GLDQ
6,300014.XSHE,2018-01,0,0.58395743,Long,-0.1026392961876833,亿纬锂能,YWLN
7,600438.XSHG,2018-01,0,0.56926835,Long,-0.014579759862778709,通威股份,TWGF
8,000723.XSHE,2018-01,0,0.56638134,Long,-0.04587155963302747,美锦能源,MJNY
9,600352.XSHG,2018-01,0,0.5659352,Long,0.06474820143884896,浙江龙盛,ZJLS
10,600887.XSHG,2018-01,0,0.55787355,Long,0.059197324414715924,伊利股份,YLGF
11,002555.XSHE,2018-01,0,0.5533686,Long,0.0010198878123406363,三七互娱,SQHY
12,000860.XSHE,2018-01,0,0.5469948,Long,0.05741626794258381,顺鑫农业,SXNY
13,002508.XSHE,2018-01,0,0.5413587,Long,0.11251664447403464,老板电器,LBDQ
14,000786.XSHE,2018-01,0,0.52852976,Long,0.09902370990237096,北新建材,BXJC
15,600183.XSHG,2018-01,0,0.5255835,Long,-0.09665763324299914,生益科技,SYKJ
16,300347.XSHE,2018-01,0,0.52498126,Long,0.07758620689655182,泰格医药,TGYY
17,000425.XSHE,2018-01,0,0.5243773,Long,-0.011160714285714413,徐工机械,XGJX
18,600346.XSHG,2018-01,0,0.52120066,Long,0.20648259303721492,恒力石化,HLSH
19,002304.XSHE,2018-01,0,0.5174369,Long,0.12996727442730238,洋河股份,YHGF
20,600547.XSHG,2018-02,0,0.7274974,Long,-0.1813747228381375,山东黄金,SDHJ
21,002120.XSHE,2018-02,0,0.6969309,Long,0.016815554387808795,韵达股份,YDGF
22,600029.XSHG,2018-02,0,0.6920303,Long,0.002599653379549593,南方航空,NFHK
23,002555.XSHE,2018-02,0,0.67753357,Long,0.009169638308711205,三七互娱,SQHY
24,000723.XSHE,2018-02,0,0.6405559,Long,-0.04487179487179493,美锦能源,MJNY
25,000708.XSHE,2018-02,0,0.6170281,Long,-0.029850746268656806,中信特钢,ZXTG
26,000425.XSHE,2018-02,0,0.6156842,Long,-0.0744920993227991,徐工机械,XGJX
27,600516.XSHG,2018-02,0,0.5885967,Long,-0.0030030030030030463,方大炭素,FDTS
28,601899.XSHG,2018-02,0,0.5851487,Long,-0.10288065843621397,紫金矿业,ZJKY
29,601111.XSHG,2018-02,0,0.58005476,Long,0.04605776736924283,中国国航,ZGGH
30,300014.XSHE,2018-02,0,0.57975125,Long,0.013071895424836777,亿纬锂能,YWLN
31,002153.XSHE,2018-02,0,0.5761768,Long,0.12176681257461207,石基信息,SJXX
32,600118.XSHG,2018-02,0,0.57131094,Long,-0.11363636363636355,中国卫星,ZGWX
33,603019.XSHG,2018-02,0,0.56944543,Long,0.13278008298755184,中科曙光,ZKSG
34,000786.XSHE,2018-02,0,0.5677102,Long,-0.04145516074450084,北新建材,BXJC
35,002624.XSHE,2018-02,0,0.5624374,Long,0.1071913161465401,完美世界,WMSJ
36,300122.XSHE,2018-02,0,0.5554141,Long,0.03394160583941597,智飞生物,ZFSW
37,300144.XSHE,2018-02,0,0.55378824,Long,0.06547619047619048,宋城演艺,SCYY
38,600271.XSHG,2018-02,0,0.5525135,Long,-0.020654911838790983,航天信息,HTXX
39,300347.XSHE,2018-02,0,0.546572,Long,0.03600000000000003,泰格医药,TGYY
40,000723.XSHE,2018-03,0,0.77404,Long,-0.13590604026845632,美锦能源,MJNY
41,300014.XSHE,2018-03,0,0.7652018,Long,0.005376344086021501,亿纬锂能,YWLN
42,002371.XSHE,2018-03,0,0.7469723,Long,0.3619869125520525,北方华创,BFHC
43,300122.XSHE,2018-03,0,0.7223157,Long,0.182139075185316,智飞生物,ZFSW
44,002555.XSHE,2018-03,0,0.71658736,Long,-0.10146390711761732,三七互娱,SQHY
45,002463.XSHE,2018-03,0,0.71237224,Long,-0.0535714285714286,沪电股份,HDGF
46,002558.XSHE,2018-03,0,0.6995185,Long,-0.032047293092719364,巨人网络,JRWL
47,300144.XSHE,2018-03,0,0.69757813,Long,0.06238361266294224,宋城演艺,SCYY
48,600487.XSHG,2018-03,0,0.68131006,Long,-0.03294289897510971,亨通光电,HTGD
49,600522.XSHG,2018-03,0,0.67746276,Long,-0.029339853300733413,中天科技,ZTKJ
50,002153.XSHE,2018-03,0,0.6694954,Long,-0.055338772614402336,石基信息,SJXX
51,300136.XSHE,2018-03,0,0.6655972,Long,-0.0697848924462231,信维通信,XWTX
52,002271.XSHE,2018-03,0,0.6540428,Long,0.05096110862762626,东方雨虹,DFYH
53,002624.XSHE,2018-03,0,0.6506223,Long,0.013174019607843146,完美世界,WMSJ
54,002241.XSHE,2018-03,0,0.64833075,Long,-0.13777191825972313,歌尔股份,GEGF
55,600029.XSHG,2018-03,0,0.64313394,Long,-0.11840968020743314,南方航空,NFHK
56,600848.XSHG,2018-03,0,0.62909335,Long,0.03820033955857394,上海临港,SHLG
57,600118.XSHG,2018-03,0,0.6289656,Long,0.10062893081761004,中国卫星,ZGWX
58,002120.XSHE,2018-03,0,0.6260849,Long,0.1478036175710593,韵达股份,YDGF
59,300347.XSHE,2018-03,0,0.62243176,Long,0.3671814671814671,泰格医药,TGYY
60,600547.XSHG,2018-04,0,0.74631757,Long,-0.03870343492985007,山东黄金,SDHJ
61,600118.XSHG,2018-04,0,0.6045399,Long,0.0,中国卫星,ZGWX
62,000723.XSHE,2018-04,0,0.58572775,Long,0.0,美锦能源,MJNY
63,002120.XSHE,2018-04,0,0.5843809,Long,-0.0027014858171995337,韵达股份,YDGF
64,002129.XSHE,2018-04,0,0.5591961,Long,0.09815354713313916,中环股份,ZHGF
65,600233.XSHG,2018-04,0,0.5435703,Long,-0.0847457627118644,圆通速递,YTSD
66,600588.XSHG,2018-04,0,0.540225,Long,-0.03690685413005268,用友网络,YYWL
67,600436.XSHG,2018-04,0,0.5368837,Long,0.12635952584626664,片仔癀,PZH
68,002624.XSHE,2018-04,0,0.52686787,Long,0.04989416389476853,完美世界,WMSJ
69,000768.XSHE,2018-04,0,0.5235428,Long,0.07541567695961993,中航飞机,ZHFJ
70,300122.XSHE,2018-04,0,0.52146673,Long,0.19528217378321888,智飞生物,ZFSW
71,300347.XSHE,2018-04,0,0.5212999,Long,0.12143462298785668,泰格医药,TGYY
72,600848.XSHG,2018-04,0,0.5126718,Long,-0.0380212591986917,上海临港,SHLG
73,600038.XSHG,2018-05,0,0.76627153,Long,-0.1271602304245787,中直股份,ZZGF
74,600372.XSHG,2018-05,0,0.66026545,Long,-0.06500691562932237,中航电子,ZHDZ
75,002129.XSHE,2018-05,0,0.61613023,Long,-0.17079646017699124,中环股份,ZHGF
76,002463.XSHE,2018-05,0,0.61086684,Long,-0.04470588235294126,沪电股份,HDGF
77,300347.XSHE,2018-05,0,0.6097048,Long,-0.047846889952153034,泰格医药,TGYY
78,600118.XSHG,2018-05,0,0.5640515,Long,-0.08703296703296702,中国卫星,ZGWX
79,002410.XSHE,2018-05,0,0.56064266,Long,0.07499999999999996,广联达,GLD
80,600588.XSHG,2018-05,0,0.5605089,Long,-0.12712895377128966,用友网络,YYWL
81,002304.XSHE,2018-05,0,0.5570999,Long,0.28098935864250785,洋河股份,YHGF
82,002371.XSHE,2018-05,0,0.5445773,Long,-0.11253300832825508,北方华创,BFHC
83,600760.XSHG,2018-05,0,0.54267454,Long,-0.12103071317022385,中航沈飞,ZHSF
84,000723.XSHE,2018-05,0,0.5387031,Long,0.0,美锦能源,MJNY
85,601231.XSHG,2018-05,0,0.53529215,Long,-0.05992509363295884,环旭电子,HXDZ
86,600406.XSHG,2018-05,0,0.5298118,Long,-0.013455657492354887,国电南瑞,GDNR
87,603019.XSHG,2018-05,0,0.5259385,Long,-0.0971180418476114,中科曙光,ZKSG
88,002153.XSHE,2018-05,0,0.525055,Long,0.20032375556454876,石基信息,SJXX
89,002146.XSHE,2018-05,0,0.52373224,Long,-0.09317443120260037,荣盛发展,RSFZ
90,002422.XSHE,2018-05,0,0.5216363,Long,-0.013758599124452877,科伦药业,KLYY
91,600887.XSHG,2018-05,0,0.5204074,Long,0.18066366243342905,伊利股份,YLGF
92,603369.XSHG,2018-05,0,0.5151484,Long,0.4283942963422196,今世缘,JSY
93,002558.XSHE,2018-06,0,0.7888076,Long,-0.019458544839255576,巨人网络,JRWL
94,002555.XSHE,2018-06,0,0.7304867,Long,-0.08155186064924791,三七互娱,SQHY
95,002241.XSHE,2018-06,0,0.69342756,Long,-0.0981981981981982,歌尔股份,GEGF
96,002773.XSHE,2018-06,0,0.68968695,Long,-0.13528896672504376,康弘药业,KHYY
97,300136.XSHE,2018-06,0,0.68000996,Long,-0.10673665791776032,信维通信,XWTX
98,300413.XSHE,2018-06,0,0.6511603,Long,-0.12160566706021247,芒果超媒,MGCM
99,000860.XSHE,2018-06,0,0.59216833,Long,0.11851851851851868,顺鑫农业,SXNY
100,300122.XSHE,2018-06,0,0.5913362,Long,-0.015893751360766317,智飞生物,ZFSW
101,601021.XSHG,2018-06,0,0.58976454,Long,-0.07347047822602193,春秋航空,CQHK
102,300408.XSHE,2018-06,0,0.57613146,Long,-0.005197055002165496,三环集团,SHJT
103,002410.XSHE,2018-06,0,0.5759069,Long,0.03075768942235557,广联达,GLD
104,300347.XSHE,2018-06,0,0.5681354,Long,0.08278233271621249,泰格医药,TGYY
105,000661.XSHE,2018-06,0,0.55996436,Long,0.06101441137937491,长春高新,CCGX
106,002456.XSHE,2018-06,0,0.55927104,Long,-0.1184860120680198,欧菲光,OFG
107,600741.XSHG,2018-06,0,0.5536685,Long,-0.07044673539518898,华域汽车,HYQC
108,002422.XSHE,2018-06,0,0.5414718,Long,-0.016804058338617534,科伦药业,KLYY
109,002508.XSHE,2018-06,0,0.5396877,Long,-0.13730111962286373,老板电器,LBDQ
110,002153.XSHE,2018-06,0,0.5311401,Long,-0.026298044504383,石基信息,SJXX
111,600487.XSHG,2018-06,0,0.5268161,Long,-0.058058925476603074,亨通光电,HTGD
112,002001.XSHE,2018-06,0,0.52619535,Long,-0.02863317125877907,新和成,XHC
113,002558.XSHE,2018-07,0,0.7897702,Long,-0.11302847282139784,巨人网络,JRWL
114,000708.XSHE,2018-07,0,0.6021654,Long,0.010245901639344137,中信特钢,ZXTG
115,603658.XSHG,2018-07,0,0.5863509,Long,-0.13222222222222213,安图生物,ATSW
116,300347.XSHE,2018-07,0,0.58241445,Long,-0.029799706888128937,泰格医药,TGYY
117,600038.XSHG,2018-07,0,0.58097273,Long,-0.01543912933434577,中直股份,ZZGF
118,600340.XSHG,2018-07,0,0.57008785,Long,0.02106430155210659,华夏幸福,HXXF
119,002555.XSHE,2018-07,0,0.5625233,Long,-0.07241379310344831,三七互娱,SQHY
120,002146.XSHE,2018-07,0,0.55402815,Long,-0.008871989860582906,荣盛发展,RSFZ
121,002508.XSHE,2018-07,0,0.5534141,Long,-0.06010928961748641,老板电器,LBDQ
122,000786.XSHE,2018-07,0,0.54612947,Long,0.10666666666666667,北新建材,BXJC
123,000425.XSHE,2018-07,0,0.5270493,Long,0.0,徐工机械,XGJX
124,002460.XSHE,2018-07,0,0.52011067,Long,-0.04492905937992642,赣锋锂业,GFLY
125,002001.XSHE,2018-07,0,0.5156849,Long,-0.11624026696329247,新和成,XHC
126,002410.XSHE,2018-07,0,0.51207525,Long,-0.008369723435225684,广联达,GLD
127,601006.XSHG,2018-07,0,0.5027182,Long,0.08990318118948815,大秦铁路,DQTL
128,002555.XSHE,2018-08,0,0.84749746,Long,-0.08828996282527879,三七互娱,SQHY
129,002468.XSHE,2018-08,0,0.7974833,Long,-0.061735585323238314,申通快递,STKD
130,002271.XSHE,2018-08,0,0.7175777,Long,-0.10927347903130537,东方雨虹,DFYH
131,002241.XSHE,2018-08,0,0.6931587,Long,-0.07619047619047603,歌尔股份,GEGF
132,002508.XSHE,2018-08,0,0.675154,Long,-0.2354651162790697,老板电器,LBDQ
133,600038.XSHG,2018-08,0,0.6622665,Long,-0.0359897172236503,中直股份,ZZGF
134,002236.XSHE,2018-08,0,0.6361651,Long,-0.17215326497571515,大华股份,DHGF
135,600118.XSHG,2018-08,0,0.62625974,Long,-0.06885758998435054,中国卫星,ZGWX
136,000708.XSHE,2018-08,0,0.61988294,Long,0.05679513184584172,中信特钢,ZXTG
137,002027.XSHE,2018-08,0,0.6071936,Long,-0.1888997078870496,分众传媒,FZCM
138,601216.XSHG,2018-08,0,0.60107493,Long,-0.0611510791366906,君正集团,JZJT
139,002463.XSHE,2018-08,0,0.5793468,Long,0.4040632054176072,沪电股份,HDGF
140,300014.XSHE,2018-08,0,0.5775926,Long,-0.10459183673469397,亿纬锂能,YWLN
141,002410.XSHE,2018-08,0,0.56931293,Long,0.08366972477064216,广联达,GLD
142,600010.XSHG,2018-08,0,0.5691395,Long,-0.09638554216867468,包钢股份,BGGF
143,600606.XSHG,2018-08,0,0.56806594,Long,-0.003378378378378289,绿地控股,LDKG
144,000723.XSHE,2018-08,0,0.55188596,Long,-0.2737068965517241,美锦能源,MJNY
145,600111.XSHG,2018-08,0,0.5503044,Long,-0.07859078590785917,北方稀土,BFXT
146,000425.XSHE,2018-08,0,0.5470855,Long,-0.033816425120772875,徐工机械,XGJX
147,000860.XSHE,2018-08,0,0.5424739,Long,-0.10102692200943664,顺鑫农业,SXNY
148,002555.XSHE,2018-09,0,0.8936601,Long,0.06727828746177368,三七互娱,SQHY
149,002558.XSHE,2018-09,0,0.8347769,Long,-0.050838840874428026,巨人网络,JRWL
150,002468.XSHE,2018-09,0,0.8139453,Long,0.1843575418994412,申通快递,STKD
151,002624.XSHE,2018-09,0,0.7703478,Long,-0.025203252032520385,完美世界,WMSJ
152,002241.XSHE,2018-09,0,0.73135364,Long,-0.06529209621993126,歌尔股份,GEGF
153,002508.XSHE,2018-09,0,0.6825071,Long,0.06416349809885946,老板电器,LBDQ
154,601600.XSHG,2018-09,0,0.6795501,Long,-0.002475247524752477,中国铝业,ZGLY
155,601216.XSHG,2018-09,0,0.6549862,Long,0.011494252873563315,君正集团,JZJT
156,601231.XSHG,2018-09,0,0.6482436,Long,0.08055235903337188,环旭电子,HXDZ
157,002460.XSHE,2018-09,0,0.6481249,Long,0.0835023664638268,赣锋锂业,GFLY
158,002773.XSHE,2018-09,0,0.6480488,Long,-0.11477803738317773,康弘药业,KHYY
159,601238.XSHG,2018-09,0,0.6323732,Long,0.07215447154471555,广汽集团,GQJT
160,000651.XSHE,2018-09,0,0.6310002,Long,0.03223163070199408,格力电器,GLDQ
161,300347.XSHE,2018-09,0,0.6241811,Long,-0.003643497757847558,泰格医药,TGYY
162,600233.XSHG,2018-09,0,0.6193287,Long,0.09897610921501697,圆通速递,YTSD
163,600438.XSHG,2018-09,0,0.61816335,Long,0.043269230769230616,通威股份,TWGF
164,600196.XSHG,2018-09,0,0.61156964,Long,0.08044382801664351,复星医药,FXYY
165,002027.XSHE,2018-09,0,0.59567535,Long,-0.009603841536614643,分众传媒,FZCM
166,603019.XSHG,2018-09,0,0.5866803,Long,-0.1049266641594584,中科曙光,ZKSG
167,300136.XSHE,2018-09,0,0.58498496,Long,-0.21912584335582289,信维通信,XWTX
168,000723.XSHE,2018-10,0,0.9118148,Long,0.053097345132743216,美锦能源,MJNY
169,002508.XSHE,2018-10,0,0.80607593,Long,-0.10317105850826268,老板电器,LBDQ
170,002555.XSHE,2018-10,0,0.79180855,Long,0.024832855778414542,三七互娱,SQHY
171,002558.XSHE,2018-10,0,0.7654954,Long,0.0,巨人网络,JRWL
172,002027.XSHE,2018-10,0,0.75421894,Long,-0.2957575757575758,分众传媒,FZCM
173,002468.XSHE,2018-10,0,0.70736766,Long,-0.06498951781970641,申通快递,STKD
174,000651.XSHE,2018-10,0,0.6969237,Long,-0.05345329452236036,格力电器,GLDQ
175,002236.XSHE,2018-10,0,0.6900968,Long,-0.22100205902539471,大华股份,DHGF
176,600196.XSHG,2018-10,0,0.6858873,Long,-0.194801026957638,复星医药,FXYY
177,601216.XSHG,2018-10,0,0.67727137,Long,-0.0757575757575758,君正集团,JZJT
178,002466.XSHE,2018-10,0,0.6755548,Long,-0.2338684293358514,天齐锂业,TQLY
179,601186.XSHG,2018-10,0,0.6482699,Long,-0.013736263736263798,中国铁建,ZGTJ
180,002463.XSHE,2018-10,0,0.6440482,Long,0.13406940063091488,沪电股份,HDGF
181,002624.XSHE,2018-10,0,0.6419389,Long,0.010842368640533671,完美世界,WMSJ
182,600340.XSHG,2018-10,0,0.63981515,Long,-0.0777903043968432,华夏幸福,HXXF
183,600438.XSHG,2018-10,0,0.6341857,Long,-0.041474654377880116,通威股份,TWGF
184,601012.XSHG,2018-10,0,0.62961435,Long,-0.04577464788732388,隆基股份,LJGF
185,002050.XSHE,2018-10,0,0.6153643,Long,-0.15175097276264593,三花智控,SHZK
186,002271.XSHE,2018-10,0,0.61379427,Long,-0.07178043631245612,东方雨虹,DFYH
187,601800.XSHG,2018-10,0,0.6022637,Long,-0.024671052631578986,中国交建,ZGJJ
188,000723.XSHE,2018-11,0,0.9482707,Long,0.008403361344537784,美锦能源,MJNY
189,002508.XSHE,2018-11,0,0.83630705,Long,-0.006474103585657365,老板电器,LBDQ
190,300136.XSHE,2018-11,0,0.8159318,Long,-0.0509312048650703,信维通信,XWTX
191,002027.XSHE,2018-11,0,0.7974416,Long,-0.04130808950086051,分众传媒,FZCM
192,002555.XSHE,2018-11,0,0.7917007,Long,0.0838769804287045,三七互娱,SQHY
193,002271.XSHE,2018-11,0,0.7846162,Long,0.043972706595905915,东方雨虹,DFYH
194,002773.XSHE,2018-11,0,0.781329,Long,-0.060066006600660075,康弘药业,KHYY
195,601012.XSHG,2018-11,0,0.7780163,Long,0.37269372693726943,隆基股份,LJGF
196,300014.XSHE,2018-11,0,0.7558221,Long,0.20125786163522008,亿纬锂能,YWLN
197,600977.XSHG,2018-11,0,0.7447064,Long,0.1416526138279932,中国电影,ZGDY
198,002468.XSHE,2018-11,0,0.73195994,Long,-0.05269058295964135,申通快递,STKD
199,002624.XSHE,2018-11,0,0.7229739,Long,-0.012376237623762276,完美世界,WMSJ
200,002456.XSHE,2018-11,0,0.703927,Long,-0.12375859434682955,欧菲光,OFG
201,600438.XSHG,2018-11,0,0.6973747,Long,0.3253205128205128,通威股份,TWGF
202,002601.XSHE,2018-11,0,0.6870297,Long,-0.016450216450216604,龙蟒佰利,LMBL
203,300433.XSHE,2018-11,0,0.68493974,Long,0.019607843137254832,蓝思科技,LSKJ
204,600048.XSHG,2018-11,0,0.6617154,Long,0.04013961605584626,保利地产,BLDC
205,600233.XSHG,2018-11,0,0.65957063,Long,-0.058039961941008474,圆通速递,YTSD
206,002558.XSHE,2018-11,0,0.65220773,Long,0.01071237279057313,巨人网络,JRWL
207,002236.XSHE,2018-11,0,0.6404709,Long,0.15947136563876652,大华股份,DHGF
208,000723.XSHE,2018-12,0,0.8618602,Long,-0.1083333333333334,美锦能源,MJNY
209,002027.XSHE,2018-12,0,0.82454675,Long,-0.08797127468581689,分众传媒,FZCM
210,002508.XSHE,2018-12,0,0.78716314,Long,-0.03208020050125315,老板电器,LBDQ
211,002271.XSHE,2018-12,0,0.6869014,Long,-0.08061002178649235,东方雨虹,DFYH
212,600977.XSHG,2018-12,0,0.6685535,Long,0.03692762186115206,中国电影,ZGDY
213,300014.XSHE,2018-12,0,0.6459243,Long,0.07984293193717272,亿纬锂能,YWLN
214,002555.XSHE,2018-12,0,0.64416194,Long,-0.21066208082545146,三七互娱,SQHY
215,300433.XSHE,2018-12,0,0.64304584,Long,-0.17564102564102568,蓝思科技,LSKJ
216,601216.XSHG,2018-12,0,0.6287651,Long,-0.07968127490039834,君正集团,JZJT
217,601668.XSHG,2018-12,0,0.6170868,Long,-0.011111111111111184,中国建筑,ZGJZ
218,002773.XSHE,2018-12,0,0.6131712,Long,-0.0912921348314607,康弘药业,KHYY
219,600398.XSHG,2018-12,0,0.6008615,Long,0.07905686546463242,海澜之家,HLZJ
220,000333.XSHE,2018-12,0,0.59723014,Long,-0.047411444141689414,美的集团,MDJT
221,600233.XSHG,2018-12,0,0.58611906,Long,-0.0121212121212122,圆通速递,YTSD
222,002008.XSHE,2018-12,0,0.5825705,Long,-0.09694793536804314,大族激光,DZJG
223,600118.XSHG,2018-12,0,0.5716245,Long,0.003502626970227851,中国卫星,ZGWX
224,002050.XSHE,2018-12,0,0.57057196,Long,-0.045454545454545525,三花智控,SHZK
225,600487.XSHG,2018-12,0,0.56698173,Long,-0.02494199535962871,亨通光电,HTGD
226,300122.XSHE,2018-12,0,0.5544954,Long,-0.09112482202183204,智飞生物,ZFSW
227,002466.XSHE,2018-12,0,0.53352547,Long,-0.07721280602636538,天齐锂业,TQLY
228,002027.XSHE,2019-01,0,0.8562714,Long,0.03740157480314954,分众传媒,FZCM
229,002739.XSHE,2019-01,0,0.7797165,Long,-0.17453046266605587,万达电影,WDDY
230,600233.XSHG,2019-01,0,0.7612809,Long,0.1922290388548058,圆通速递,YTSD
231,002508.XSHE,2019-01,0,0.7156481,Long,0.20662868979803228,老板电器,LBDQ
232,000723.XSHE,2019-01,0,0.7072565,Long,0.29595015576323996,美锦能源,MJNY
233,300136.XSHE,2019-01,0,0.7013226,Long,0.04863362667901816,信维通信,XWTX
234,002773.XSHE,2019-01,0,0.6913982,Long,0.10316846986089656,康弘药业,KHYY
235,300433.XSHE,2019-01,0,0.6649937,Long,-0.10419906687402802,蓝思科技,LSKJ
236,600703.XSHG,2019-01,0,0.66359335,Long,-0.13291139240506333,三安光电,SAGD
237,002466.XSHE,2019-01,0,0.6569874,Long,-0.08285714285714285,天齐锂业,TQLY
238,300014.XSHE,2019-01,0,0.64834607,Long,0.09939393939393937,亿纬锂能,YWLN
239,002463.XSHE,2019-01,0,0.5948531,Long,0.1333333333333333,沪电股份,HDGF
240,002468.XSHE,2019-01,0,0.59096384,Long,0.1541822721598003,申通快递,STKD
241,603799.XSHG,2019-01,0,0.58910227,Long,-0.13003901170351104,华友钴业,HYGY
242,601231.XSHG,2019-01,0,0.58634055,Long,0.0647727272727272,环旭电子,HXDZ
243,002129.XSHE,2019-01,0,0.58284783,Long,0.16249999999999987,中环股份,ZHGF
244,300408.XSHE,2019-01,0,0.582529,Long,-0.012696493349455884,三环集团,SHJT
245,000977.XSHE,2019-01,0,0.5824208,Long,0.06471389645776582,浪潮信息,LCXX
246,600104.XSHG,2019-01,0,0.5770476,Long,-0.002488593944421358,上汽集团,SQJT
247,000651.XSHE,2019-01,0,0.54918087,Long,0.1695976154992549,格力电器,GLDQ
248,002739.XSHE,2019-02,0,0.88375103,Long,0.3013318534961153,万达电影,WDDY
249,002027.XSHE,2019-02,0,0.88325506,Long,0.2390891840607212,分众传媒,FZCM
250,300433.XSHE,2019-02,0,0.85162973,Long,0.4583333333333335,蓝思科技,LSKJ
251,000723.XSHE,2019-02,0,0.8508553,Long,0.22836538461538455,美锦能源,MJNY
252,002460.XSHE,2019-02,0,0.84499043,Long,0.3847758081334722,赣锋锂业,GFLY
253,603799.XSHG,2019-02,0,0.74338907,Long,0.4593921275535624,华友钴业,HYGY
254,600703.XSHG,2019-02,0,0.737681,Long,0.4681960375391032,三安光电,SAGD
255,002508.XSHE,2019-02,0,0.6867541,Long,0.019742489270386358,老板电器,LBDQ
256,603986.XSHG,2019-02,0,0.68069655,Long,0.35917688630222405,兆易创新,ZYCX
257,002773.XSHE,2019-02,0,0.6742906,Long,0.07985989492119082,康弘药业,KHYY
258,300014.XSHE,2019-02,0,0.6741205,Long,0.17971334068357206,亿纬锂能,YWLN
259,600233.XSHG,2019-02,0,0.67323565,Long,0.08662092624356776,圆通速递,YTSD
260,002468.XSHE,2019-02,0,0.6642577,Long,0.12222823147647376,申通快递,STKD
261,000963.XSHE,2019-02,0,0.66382706,Long,0.19481721425266074,华东医药,HDYY
262,002555.XSHE,2019-02,0,0.66243136,Long,0.278688524590164,三七互娱,SQHY
263,002456.XSHE,2019-02,0,0.659318,Long,0.38299999999999995,欧菲光,OFG
264,000066.XSHE,2019-02,0,0.6568422,Long,0.29080675422138835,中国长城,ZGCC
265,002236.XSHE,2019-02,0,0.6391754,Long,0.28055783429040204,大华股份,DHGF
266,002466.XSHE,2019-02,0,0.632127,Long,0.3796172674677347,天齐锂业,TQLY
267,300003.XSHE,2019-02,0,0.6288858,Long,0.2699203187250998,乐普医疗,LPYL
268,002027.XSHE,2019-03,0,0.8133755,Long,-0.06891271056661563,分众传媒,FZCM
269,000723.XSHE,2019-03,0,0.7584238,Long,0.8062622309197651,美锦能源,MJNY
270,002739.XSHE,2019-03,0,0.71822256,Long,-0.08230277185501067,万达电影,WDDY
271,300433.XSHE,2019-03,0,0.6757271,Long,0.010714285714285676,蓝思科技,LSKJ
272,002508.XSHE,2019-03,0,0.6574992,Long,0.29587542087542085,老板电器,LBDQ
273,002468.XSHE,2019-03,0,0.6381838,Long,0.08771084337349389,申通快递,STKD
274,601668.XSHG,2019-03,0,0.63637,Long,-0.005208333333333259,中国建筑,ZGJZ
275,600233.XSHG,2019-03,0,0.6322409,Long,0.033938437253354437,圆通速递,YTSD
276,300014.XSHE,2019-03,0,0.6130934,Long,0.1962616822429908,亿纬锂能,YWLN
277,002773.XSHE,2019-03,0,0.60073304,Long,0.2542977619202078,康弘药业,KHYY
278,600703.XSHG,2019-03,0,0.5739935,Long,0.019176136363636243,三安光电,SAGD
279,300408.XSHE,2019-03,0,0.57317907,Long,0.05408216328653137,三环集团,SHJT
280,600104.XSHG,2019-03,0,0.5731612,Long,-0.07929687500000004,上汽集团,SQJT
281,600111.XSHG,2019-03,0,0.556026,Long,0.046139359698681666,北方稀土,BFXT
282,002463.XSHE,2019-03,0,0.5547694,Long,0.0617977528089888,沪电股份,HDGF
283,002555.XSHE,2019-03,0,0.5501138,Long,0.019607843137254832,三七互娱,SQHY
284,000977.XSHE,2019-03,0,0.5418877,Long,0.16179435483870974,浪潮信息,LCXX
285,000651.XSHE,2019-03,0,0.54026365,Long,0.0538894095595126,格力电器,GLDQ
286,601992.XSHG,2019-03,0,0.5366272,Long,0.1044386422976502,金隅集团,JYJT
287,002008.XSHE,2019-03,0,0.52248234,Long,0.06096635466734113,大族激光,DZJG
288,002027.XSHE,2019-04,0,0.80136716,Long,-0.02796052631578949,分众传媒,FZCM
289,002739.XSHE,2019-04,0,0.7312225,Long,0.032527881040892215,万达电影,WDDY
290,000002.XSHE,2019-04,0,0.6937181,Long,-0.05993904503894343,万科A,WKA
291,001979.XSHE,2019-04,0,0.64402014,Long,-0.045004500450045004,招商蛇口,ZSSK
292,002601.XSHE,2019-04,0,0.63388306,Long,-0.02766251728907332,龙蟒佰利,LMBL
293,600977.XSHG,2019-04,0,0.6115029,Long,0.01549942594718701,中国电影,ZGDY
294,002555.XSHE,2019-04,0,0.6020374,Long,-0.016272189349112343,三七互娱,SQHY
295,300433.XSHE,2019-04,0,0.5976661,Long,-0.03297997644287387,蓝思科技,LSKJ
296,000963.XSHE,2019-04,0,0.5833101,Long,0.06922498118886389,华东医药,HDYY
297,603019.XSHG,2019-04,0,0.58122075,Long,-0.05751633986928106,中科曙光,ZKSG
298,000708.XSHE,2019-04,0,0.56937385,Long,0.044977511244377766,中信特钢,ZXTG
299,300124.XSHE,2019-04,0,0.565915,Long,-0.0405092592592593,汇川技术,HCJS
300,002129.XSHE,2019-04,0,0.56490076,Long,0.024291497975708287,中环股份,ZHGF
301,002624.XSHE,2019-04,0,0.56385195,Long,-0.11458333333333325,完美世界,WMSJ
302,000977.XSHE,2019-04,0,0.55847234,Long,0.022125813449023868,浪潮信息,LCXX
303,000338.XSHE,2019-04,0,0.5583586,Long,0.041958041958042085,潍柴动力,WCDL
304,000333.XSHE,2019-04,0,0.5553471,Long,0.07529208135006504,美的集团,MDJT
305,300408.XSHE,2019-04,0,0.553479,Long,-0.0448939319190923,三环集团,SHJT
306,002773.XSHE,2019-04,0,0.55042505,Long,-0.018877682958365786,康弘药业,KHYY
307,600233.XSHG,2019-04,0,0.5466466,Long,-0.006106870229007688,圆通速递,YTSD
308,002739.XSHE,2019-05,0,0.77833825,Long,-0.14896489648964895,万达电影,WDDY
309,002027.XSHE,2019-05,0,0.76904887,Long,-0.0879864636209815,分众传媒,FZCM
310,002773.XSHE,2019-05,0,0.76589423,Long,-0.015814443858724103,康弘药业,KHYY
311,600703.XSHG,2019-05,0,0.7456973,Long,-0.1793265465935786,三安光电,SAGD
312,600516.XSHG,2019-05,0,0.72268486,Long,-0.14811133200795235,方大炭素,FDTS
313,002466.XSHE,2019-05,0,0.6909532,Long,-0.0634343434343434,天齐锂业,TQLY
314,600233.XSHG,2019-05,0,0.67617023,Long,0.00691244239631339,圆通速递,YTSD
315,600522.XSHG,2019-05,0,0.64562666,Long,-0.1276381909547738,中天科技,ZTKJ
316,600745.XSHG,2019-05,0,0.6401818,Long,0.05122950819672134,闻泰科技,WTKJ
317,002555.XSHE,2019-05,0,0.6264327,Long,-0.08120300751879694,三七互娱,SQHY
318,300433.XSHE,2019-05,0,0.6212082,Long,-0.16565164433617552,蓝思科技,LSKJ
319,002602.XSHE,2019-05,0,0.61827636,Long,-0.10839843749999988,世纪华通,SJHT
320,603986.XSHG,2019-05,0,0.6147809,Long,-0.07188877585622233,兆易创新,ZYCX
321,600111.XSHG,2019-05,0,0.612298,Long,0.2785923753665689,北方稀土,BFXT
322,600487.XSHG,2019-05,0,0.6053892,Long,-0.2107124810510359,亨通光电,HTGD
323,600848.XSHG,2019-05,0,0.60485125,Long,-0.016133679055027383,上海临港,SHLG
324,603369.XSHG,2019-05,0,0.58655703,Long,-0.05094043887147337,今世缘,JSY
325,000895.XSHE,2019-05,0,0.56943107,Long,-0.09915223000368588,双汇发展,SHFZ
326,002601.XSHE,2019-05,0,0.5470879,Long,-0.014224751066856391,龙蟒佰利,LMBL
327,002508.XSHE,2019-05,0,0.5414897,Long,-0.10394265232974907,老板电器,LBDQ
328,002624.XSHE,2019-06,0,0.67125654,Long,0.016541945647892797,完美世界,WMSJ
329,600487.XSHG,2019-06,0,0.66591966,Long,0.06786171574903976,亨通光电,HTGD
330,300136.XSHE,2019-06,0,0.658176,Long,0.09847122302158272,信维通信,XWTX
331,600398.XSHG,2019-06,0,0.64373136,Long,0.04196642685851315,海澜之家,HLZJ
332,601360.XSHG,2019-06,0,0.6252009,Long,0.005673758865248235,三六零,SLL
333,000338.XSHE,2019-06,0,0.61588395,Long,0.04955752212389375,潍柴动力,WCDL
334,600271.XSHG,2019-06,0,0.60646963,Long,0.02353463587921856,航天信息,HTXX
335,002236.XSHE,2019-06,0,0.60514915,Long,0.1594202898550725,大华股份,DHGF
336,600745.XSHG,2019-06,0,0.6018301,Long,-0.075744917850181,闻泰科技,WTKJ
337,300408.XSHE,2019-06,0,0.60095775,Long,0.030352303523035307,三环集团,SHJT
338,000895.XSHE,2019-06,0,0.58574003,Long,-0.0069558101472996245,双汇发展,SHFZ
339,603658.XSHG,2019-06,0,0.58266515,Long,0.046812442254388735,安图生物,ATSW
340,000938.XSHE,2019-06,0,0.5700582,Long,-0.03744259978806075,紫光股份,ZGGF
341,601899.XSHG,2019-06,0,0.5594598,Long,0.15822784810126578,紫金矿业,ZJKY
342,300003.XSHE,2019-06,0,0.5575069,Long,0.008814455707359947,乐普医疗,LPYL
343,300601.XSHE,2019-06,0,0.5526055,Long,0.0317804974338729,康泰生物,KTSW
344,002129.XSHE,2019-06,0,0.54826415,Long,-0.037623762376237546,中环股份,ZHGF
345,600390.XSHG,2019-06,0,0.54576343,Long,0.02663115845539288,五矿资本,WKZB
346,000961.XSHE,2019-06,0,0.53952783,Long,-0.02733485193621865,中南建设,ZNJS
347,600848.XSHG,2019-06,0,0.5363565,Long,-0.09838945827232792,上海临港,SHLG
348,000963.XSHE,2019-07,0,0.72931427,Long,0.06081871345029244,华东医药,HDYY
349,002415.XSHE,2019-07,0,0.67545485,Long,0.11933085501858742,海康威视,HKWS
350,603019.XSHG,2019-07,0,0.6729676,Long,0.013199999999999878,中科曙光,ZKSG
351,002624.XSHE,2019-07,0,0.67110425,Long,0.014335528864781066,完美世界,WMSJ
352,300124.XSHE,2019-07,0,0.668427,Long,0.09673144876325067,汇川技术,HCJS
353,600271.XSHG,2019-07,0,0.66146594,Long,-0.00694143167028205,航天信息,HTXX
354,600760.XSHG,2019-07,0,0.654268,Long,0.03667820069204164,中航沈飞,ZHSF
355,300003.XSHE,2019-07,0,0.646906,Long,0.07645259938837913,乐普医疗,LPYL
356,002236.XSHE,2019-07,0,0.6415357,Long,0.11250000000000004,大华股份,DHGF
357,600522.XSHG,2019-07,0,0.6268461,Long,-0.02111111111111108,中天科技,ZTKJ
358,000066.XSHE,2019-07,0,0.6150466,Long,-0.07233626588465303,中国长城,ZGCC
359,603501.XSHG,2019-07,0,0.60717124,Long,0.2263840672391744,韦尔股份,WEGF
360,000895.XSHE,2019-07,0,0.60312915,Long,-0.035434693036670795,双汇发展,SHFZ
361,600352.XSHG,2019-07,0,0.5904226,Long,-0.043225806451612885,浙江龙盛,ZJLS
362,002468.XSHE,2019-07,0,0.58141226,Long,0.1887858007260992,申通快递,STKD
363,600498.XSHG,2019-07,0,0.57768,Long,0.003271537622682619,烽火通信,FHTX
364,600398.XSHG,2019-07,0,0.57554936,Long,-0.0069044879171460405,海澜之家,HLZJ
365,002050.XSHE,2019-07,0,0.5663012,Long,0.02850061957868655,三花智控,SHZK
366,600233.XSHG,2019-07,0,0.5652677,Long,0.08032786885245913,圆通速递,YTSD
367,601360.XSHG,2019-07,0,0.55054855,Long,-0.05876821814762578,三六零,SLL
368,002044.XSHE,2019-08,0,0.77845544,Long,0.04641350210970474,美年健康,MNJK
369,600487.XSHG,2019-08,0,0.68579537,Long,-0.1099312929419114,亨通光电,HTGD
370,002236.XSHE,2019-08,0,0.6789777,Long,-0.0056179775280899005,大华股份,DHGF
371,300003.XSHE,2019-08,0,0.6465626,Long,0.08644480519480524,乐普医疗,LPYL
372,600886.XSHG,2019-08,0,0.6425684,Long,0.13732394366197176,国投电力,GTDL
373,600522.XSHG,2019-08,0,0.6362458,Long,-0.06129398410896714,中天科技,ZTKJ
374,600271.XSHG,2019-08,0,0.6361,Long,-0.06684141546526867,航天信息,HTXX
375,000895.XSHE,2019-08,0,0.62697834,Long,-0.06877402819307987,双汇发展,SHFZ
376,002624.XSHE,2019-08,0,0.6151001,Long,0.023682200152788324,完美世界,WMSJ
377,600760.XSHG,2019-08,0,0.60970163,Long,0.09245660881174887,中航沈飞,ZHSF
378,000963.XSHE,2019-08,0,0.59550256,Long,0.03895626607864755,华东医药,HDYY
379,600027.XSHG,2019-08,0,0.59372,Long,-0.04325699745547085,华电国际,HDGJ
380,300124.XSHE,2019-08,0,0.58509344,Long,-0.07611759967780896,汇川技术,HCJS
381,002415.XSHE,2019-08,0,0.5829872,Long,0.0016605778811027427,海康威视,HKWS
382,002463.XSHE,2019-08,0,0.5712646,Long,0.3179581795817956,沪电股份,HDGF
383,600585.XSHG,2019-08,0,0.5685236,Long,-0.0026232948583418962,海螺水泥,HLSN
384,000338.XSHE,2019-08,0,0.56846774,Long,-0.04908485856905154,潍柴动力,WCDL
385,600660.XSHG,2019-08,0,0.56391215,Long,-0.02663115845539288,福耀玻璃,FYBL
386,600038.XSHG,2019-08,0,0.5584988,Long,0.096671226630187,中直股份,ZZGF
387,002468.XSHE,2019-08,0,0.5573551,Long,-0.2276891754326433,申通快递,STKD
388,600998.XSHG,2019-09,0,0.7321906,Long,0.07051762940735172,九州通,JZT
389,601212.XSHG,2019-09,0,0.66718465,Long,-0.08045977011494243,白银有色,BYYS
390,002157.XSHE,2019-09,0,0.6648809,Long,-0.2255406797116376,正邦科技,ZBKJ
391,600111.XSHG,2019-09,0,0.66068417,Long,-0.06454388984509463,北方稀土,BFXT
392,002044.XSHE,2019-09,0,0.6567605,Long,-0.01935483870967747,美年健康,MNJK
393,600760.XSHG,2019-09,0,0.6534055,Long,-0.05713412771157955,中航沈飞,ZHSF
394,002129.XSHE,2019-09,0,0.62468517,Long,0.11428571428571432,中环股份,ZHGF
395,600038.XSHG,2019-09,0,0.59788054,Long,-0.06611226611226606,中直股份,ZZGF
396,600398.XSHG,2019-09,0,0.59457606,Long,-0.0347394540942928,海澜之家,HLZJ
397,603658.XSHG,2019-09,0,0.5725818,Long,0.021827470103332303,安图生物,ATSW
398,600487.XSHG,2019-09,0,0.5723393,Long,0.08631578947368435,亨通光电,HTGD
399,000963.XSHE,2019-09,0,0.5644753,Long,-0.08418818535550054,华东医药,HDYY
400,600886.XSHG,2019-09,0,0.56166935,Long,-0.07017543859649122,国投电力,GTDL
401,000895.XSHE,2019-09,0,0.5588699,Long,0.1045871559633027,双汇发展,SHFZ
402,600585.XSHG,2019-09,0,0.5550373,Long,0.04839558127301413,海螺水泥,HLSN
403,601006.XSHG,2019-09,0,0.5431665,Long,-0.01941747572815533,大秦铁路,DQTL
404,600085.XSHG,2019-09,0,0.54060876,Long,-0.032636596993032674,同仁堂,TRT
405,600183.XSHG,2019-09,0,0.5376883,Long,0.02374010828821316,生益科技,SYKJ
406,002304.XSHE,2019-09,0,0.5375875,Long,-0.07123840998806574,洋河股份,YHGF
407,002841.XSHE,2019-09,0,0.5368793,Long,0.026501766784452263,视源股份,SYGF
408,300003.XSHE,2019-10,0,0.6360202,Long,0.2050561797752808,乐普医疗,LPYL
409,600998.XSHG,2019-10,0,0.6180657,Long,-0.09460406447091796,九州通,JZT
410,000066.XSHE,2019-10,0,0.5761303,Long,0.1224806201550388,中国长城,ZGCC
411,000895.XSHE,2019-10,0,0.56406903,Long,0.2084717607973423,双汇发展,SHFZ
412,603160.XSHG,2019-10,0,0.55556774,Long,-0.1051904479968423,汇顶科技,HDKJ
413,600183.XSHG,2019-10,0,0.54234016,Long,-0.09804719283970698,生益科技,SYKJ
414,002304.XSHE,2019-10,0,0.54156893,Long,-0.03093802510625676,洋河股份,YHGF
415,002129.XSHE,2019-10,0,0.53239787,Long,-0.05045492142266328,中环股份,ZHGF
416,600233.XSHG,2019-10,0,0.506997,Long,0.08955223880597019,圆通速递,YTSD
417,002468.XSHE,2019-11,0,0.64906716,Long,-0.11669921875,申通快递,STKD
418,002415.XSHE,2019-11,0,0.648697,Long,-0.028843106180665656,海康威视,HKWS
419,002157.XSHE,2019-11,0,0.640578,Long,-0.1333333333333333,正邦科技,ZBKJ
420,002024.XSHE,2019-11,0,0.6289545,Long,-0.06577693040991417,苏宁易购,SNYG
421,603986.XSHG,2019-11,0,0.6251134,Long,0.07449230489026504,兆易创新,ZYCX
422,000963.XSHE,2019-11,0,0.6190895,Long,-0.057386583947266374,华东医药,HDYY
423,002236.XSHE,2019-11,0,0.6122011,Long,0.05065666041275807,大华股份,DHGF
424,601155.XSHG,2019-11,0,0.56560355,Long,0.02602108036890649,新城控股,XCKG
425,000895.XSHE,2019-11,0,0.55849916,Long,0.0381443298969073,双汇发展,SHFZ
426,000066.XSHE,2019-11,0,0.55426407,Long,0.02555248618784534,中国长城,ZGCC
427,600183.XSHG,2019-11,0,0.55321735,Long,0.018493459630130715,生益科技,SYKJ
428,002271.XSHE,2019-11,0,0.55279124,Long,0.023625429553264517,东方雨虹,DFYH
429,600998.XSHG,2019-11,0,0.5446197,Long,0.04566563467492269,九州通,JZT
430,600660.XSHG,2019-11,0,0.5356688,Long,0.0461176470588236,福耀玻璃,FYBL
431,300498.XSHE,2019-11,0,0.5344163,Long,-0.1110423755026292,温氏股份,WSGF
432,600233.XSHG,2019-11,0,0.5343638,Long,-0.010475423045930743,圆通速递,YTSD
433,002304.XSHE,2019-11,0,0.5242589,Long,-0.02580579355365153,洋河股份,YHGF
434,002044.XSHE,2019-11,0,0.51524836,Long,-0.008048289738430636,美年健康,MNJK
435,000876.XSHE,2019-11,0,0.5116578,Long,-0.06788154897494303,新希望,XXW
436,601021.XSHG,2019-11,0,0.5069599,Long,-0.06725622527344666,春秋航空,CQHK
437,600998.XSHG,2019-12,0,0.66896564,Long,0.04737231680236875,九州通,JZT
438,000895.XSHE,2019-12,0,0.66414154,Long,-0.06322409798080109,双汇发展,SHFZ
439,002271.XSHE,2019-12,0,0.6116422,Long,0.09609735627360473,东方雨虹,DFYH
440,600585.XSHG,2019-12,0,0.59831583,Long,0.19628707267376044,海螺水泥,HLSN
441,000100.XSHE,2019-12,0,0.59122044,Long,0.16533333333333333,TCL科技,TCLKJ
442,000961.XSHE,2019-12,0,0.5859616,Long,0.2992610837438425,中南建设,ZNJS
443,600068.XSHG,2019-12,0,0.57657343,Long,0.08617886178861768,葛洲坝,GZB
444,600170.XSHG,2019-12,0,0.5685979,Long,0.018018018018018056,上海建工,SHJG
445,600111.XSHG,2019-12,0,0.568414,Long,0.0905432595573441,北方稀土,BFXT
446,002050.XSHE,2019-12,0,0.56509084,Long,0.17345132743362826,三花智控,SHZK
447,600027.XSHG,2019-12,0,0.55864036,Long,-0.010781671159029615,华电国际,HDGJ
448,300003.XSHE,2019-12,0,0.55280536,Long,0.024929884699283145,乐普医疗,LPYL
449,002304.XSHE,2019-12,0,0.54576164,Long,0.12543189194848692,洋河股份,YHGF
450,000963.XSHE,2019-12,0,0.54474515,Long,-0.009049773755656076,华东医药,HDYY
451,601155.XSHG,2019-12,0,0.5343342,Long,0.18587479935794549,新城控股,XCKG
452,600066.XSHG,2019-12,0,0.53430337,Long,0.015372790161414462,宇通客车,YTKC
453,002146.XSHE,2019-12,0,0.53379077,Long,0.1390498261877171,荣盛发展,RSFZ
454,601186.XSHG,2019-12,0,0.5335301,Long,0.04860392967942096,中国铁建,ZGTJ
455,600887.XSHG,2019-12,0,0.53010434,Long,0.06355932203389836,伊利股份,YLGF
456,000723.XSHE,2019-12,0,0.52342254,Long,0.13341346153846145,美锦能源,MJNY
457,002024.XSHE,2020-01,0,0.64113694,Long,-0.00995024875621908,苏宁易购,SNYG
458,000963.XSHE,2020-01,0,0.6121607,Long,-0.14445828144458284,华东医药,HDYY
459,002157.XSHE,2020-01,0,0.60031545,Long,-0.1456912585244885,正邦科技,ZBKJ
460,601668.XSHG,2020-01,0,0.59729767,Long,-0.0276752767527676,中国建筑,ZGJZ
461,600111.XSHG,2020-01,0,0.5824195,Long,-0.06457564575645748,北方稀土,BFXT
462,000002.XSHE,2020-01,0,0.57894933,Long,-0.09944064636420136,万科A,WKA
463,002271.XSHE,2020-01,0,0.5495301,Long,0.03254211332312407,东方雨虹,DFYH
464,601088.XSHG,2020-01,0,0.5475278,Long,-0.05344418052256539,中国神华,ZGSH
465,600606.XSHG,2020-01,0,0.53987736,Long,-0.06606606606606613,绿地控股,LDKG
466,000338.XSHE,2020-01,0,0.5392601,Long,-0.1479848866498742,潍柴动力,WCDL
467,000100.XSHE,2020-01,0,0.5297127,Long,0.1304347826086958,TCL科技,TCLKJ
468,600887.XSHG,2020-01,0,0.52804327,Long,-0.00962815405046491,伊利股份,YLGF
469,601390.XSHG,2020-01,0,0.52470136,Long,-0.06397306397306413,中国中铁,ZGZT
470,603833.XSHG,2020-01,0,0.5211402,Long,-0.034188034188034185,欧派家居,OPJJ
471,000961.XSHE,2020-01,0,0.5194216,Long,-0.1194312796208532,中南建设,ZNJS
472,601992.XSHG,2020-01,0,0.5111711,Long,-0.08888888888888903,金隅集团,JYJT
473,002120.XSHE,2020-01,0,0.5075359,Long,-0.10923379174852643,韵达股份,YDGF
474,000895.XSHE,2020-02,0,0.6299051,Long,0.16193480546792838,双汇发展,SHFZ
475,603833.XSHG,2020-02,0,0.60931724,Long,-0.025132743362831892,欧派家居,OPJJ
476,300014.XSHE,2020-02,0,0.60218847,Long,0.10363349131121646,亿纬锂能,YWLN
477,601231.XSHG,2020-02,0,0.5981152,Long,0.0898417559979583,环旭电子,HXDZ
478,002120.XSHE,2020-02,0,0.5838007,Long,-0.0026466696074107787,韵达股份,YDGF
479,000100.XSHE,2020-02,0,0.56423086,Long,0.16194331983805665,TCL科技,TCLKJ
480,002153.XSHE,2020-02,0,0.5641632,Long,0.03331556503198296,石基信息,SJXX
481,600271.XSHG,2020-02,0,0.56193405,Long,0.030567685589519836,航天信息,HTXX
482,002271.XSHE,2020-02,0,0.5557678,Long,0.1431219873934,东方雨虹,DFYH
483,600066.XSHG,2020-02,0,0.54674196,Long,-0.04442925495557082,宇通客车,YTKC
484,000963.XSHE,2020-02,0,0.53000176,Long,-0.07472100921882574,华东医药,HDYY
485,002415.XSHE,2020-02,0,0.5292396,Long,-0.027627456565081143,海康威视,HKWS
486,002304.XSHE,2020-02,0,0.5253322,Long,-0.0912317728319263,洋河股份,YHGF
487,600111.XSHG,2020-02,0,0.5226374,Long,-0.10256410256410264,北方稀土,BFXT
488,600998.XSHG,2020-02,0,0.5218947,Long,-0.01518833535844466,九州通,JZT
489,600352.XSHG,2020-02,0,0.521825,Long,-0.03348554033485551,浙江龙盛,ZJLS
490,300003.XSHE,2020-02,0,0.5117397,Long,0.07500787897888439,乐普医疗,LPYL
491,600436.XSHG,2020-02,0,0.5089064,Long,-0.06749375780274648,片仔癀,PZH
492,000977.XSHE,2020-02,0,0.505418,Long,0.2320862396956247,浪潮信息,LCXX
493,002129.XSHE,2020-02,0,0.5009031,Long,0.12132822477650065,中环股份,ZHGF
494,000963.XSHE,2020-03,0,0.8358748,Long,-0.0959622443628737,华东医药,HDYY
495,002120.XSHE,2020-03,0,0.7225579,Long,0.04157452454666077,韵达股份,YDGF
496,600352.XSHG,2020-03,0,0.67024314,Long,-0.07874015748031493,浙江龙盛,ZJLS
497,600038.XSHG,2020-03,0,0.65624636,Long,0.03149801587301604,中直股份,ZZGF
498,600390.XSHG,2020-03,0,0.6450284,Long,-0.019736842105263053,五矿资本,WKZB
499,601933.XSHG,2020-03,0,0.6399406,Long,0.19103773584905648,永辉超市,YHCS
500,300003.XSHE,2020-03,0,0.6269115,Long,0.05599530929346242,乐普医疗,LPYL
501,000895.XSHE,2020-03,0,0.62675005,Long,0.15565610859728518,双汇发展,SHFZ
502,002024.XSHE,2020-03,0,0.6198292,Long,-0.027085590465872108,苏宁易购,SNYG
503,002153.XSHE,2020-03,0,0.61732477,Long,-0.2538044880061904,石基信息,SJXX
504,601668.XSHG,2020-03,0,0.59914666,Long,-0.019305019305019263,中国建筑,ZGJZ
505,600111.XSHG,2020-03,0,0.598598,Long,-0.012087912087912043,北方稀土,BFXT
506,603160.XSHG,2020-03,0,0.5930902,Long,-0.1584026945622955,汇顶科技,HDKJ
507,002841.XSHE,2020-03,0,0.58878475,Long,-0.1420656028368794,视源股份,SYGF
508,600066.XSHG,2020-03,0,0.5885974,Long,-0.09227467811158807,宇通客车,YTKC
509,002007.XSHE,2020-03,0,0.5881822,Long,0.1547694251421352,华兰生物,HLSW
510,601231.XSHG,2020-03,0,0.57519937,Long,-0.2627634660421546,环旭电子,HXDZ
511,601919.XSHG,2020-03,0,0.5707228,Long,0.017326732673267342,中远海控,ZYHK
512,600271.XSHG,2020-03,0,0.56466585,Long,-0.1911016949152543,航天信息,HTXX
513,600233.XSHG,2020-03,0,0.56273264,Long,-0.16178623718887264,圆通速递,YTSD
514,000963.XSHE,2020-04,0,0.7597932,Long,0.14385150812064973,华东医药,HDYY
515,002607.XSHE,2020-04,0,0.69636667,Long,0.13241806908768838,中公教育,ZGJY
516,300003.XSHE,2020-04,0,0.6901123,Long,0.051915602443087135,乐普医疗,LPYL
517,600998.XSHG,2020-04,0,0.67230374,Long,0.05470588235294116,九州通,JZT
518,601888.XSHG,2020-04,0,0.65229464,Long,0.3584764749813294,中国中免,ZGZM
519,000895.XSHE,2020-04,0,0.6493198,Long,0.0284521012790393,双汇发展,SHFZ
520,002271.XSHE,2020-04,0,0.64881825,Long,0.1355831853167555,东方雨虹,DFYH
521,601933.XSHG,2020-04,0,0.63880914,Long,-0.007920792079207928,永辉超市,YHCS
522,002024.XSHE,2020-04,0,0.61755717,Long,-0.06792873051224957,苏宁易购,SNYG
523,002157.XSHE,2020-04,0,0.617039,Long,-0.03003161222339301,正邦科技,ZBKJ
524,002007.XSHE,2020-04,0,0.6152697,Long,0.06318380743982477,华兰生物,HLSW
525,300122.XSHE,2020-04,0,0.6104597,Long,0.17465499332245127,智飞生物,ZFSW
526,600085.XSHG,2020-04,0,0.570574,Long,0.013017751479289965,同仁堂,TRT
527,600886.XSHG,2020-04,0,0.5692555,Long,-0.03148614609571787,国投电力,GTDL
528,600655.XSHG,2020-04,0,0.5604571,Long,0.03960396039603942,豫园股份,YYGF
529,600887.XSHG,2020-04,0,0.5580801,Long,-0.02098383212934296,伊利股份,YLGF
530,601018.XSHG,2020-04,0,0.55571216,Long,-0.060693641618497114,宁波港,NBG
531,300144.XSHE,2020-04,0,0.55059296,Long,0.19434372733865124,宋城演艺,SCYY
532,000069.XSHE,2020-04,0,0.5322553,Long,0.01970443349753692,华侨城A,HQCA
533,300413.XSHE,2020-04,0,0.5268087,Long,0.06584078917182823,芒果超媒,MGCM
534,600989.XSHG,2020-05,0,0.79686576,Long,0.05501222493887537,宝丰能源,BFNY
535,000723.XSHE,2020-05,0,0.7104986,Long,-0.05722891566265054,美锦能源,MJNY
536,000963.XSHE,2020-05,0,0.70483977,Long,0.1348884381338742,华东医药,HDYY
537,601360.XSHG,2020-05,0,0.6300748,Long,-0.043524986566362056,三六零,SLL
538,603833.XSHG,2020-05,0,0.593515,Long,0.13810284854752286,欧派家居,OPJJ
539,002841.XSHE,2020-05,0,0.5919876,Long,0.19864739424479527,视源股份,SYGF
540,002007.XSHE,2020-05,0,0.56083894,Long,0.059428865448932326,华兰生物,HLSW
541,002153.XSHE,2020-05,0,0.5540939,Long,-0.031668299053215776,石基信息,SJXX
542,601216.XSHG,2020-05,0,0.53849477,Long,-0.019762845849802257,君正集团,JZJT
543,600027.XSHG,2020-05,0,0.53657395,Long,-0.00544959128065392,华电国际,HDGJ
544,600048.XSHG,2020-05,0,0.5334882,Long,-0.06631989596879073,保利地产,BLDC
545,000876.XSHE,2020-05,0,0.53306764,Long,-0.14848762603116394,新希望,XXW
546,000069.XSHE,2020-05,0,0.5180734,Long,-0.10466988727858297,华侨城A,HQCA
547,002415.XSHE,2020-05,0,0.51363534,Long,-0.12152222577550376,海康威视,HKWS
548,600998.XSHG,2020-05,0,0.5087128,Long,0.003904071388733943,九州通,JZT
549,600383.XSHG,2020-05,0,0.50569534,Long,-0.05042668735453848,金地集团,JDJT
550,600085.XSHG,2020-05,0,0.50537676,Long,-0.024143302180685392,同仁堂,TRT
551,600848.XSHG,2020-05,0,0.50030565,Long,0.029774127310061568,上海临港,SHLG
552,000963.XSHE,2020-06,0,0.8140218,Long,0.1304736371760502,华东医药,HDYY
553,600848.XSHG,2020-06,0,0.691024,Long,0.0702891326021935,上海临港,SHLG
554,601360.XSHG,2020-06,0,0.64099663,Long,0.028651685393258356,三六零,SLL
555,600111.XSHG,2020-06,0,0.5999384,Long,-0.08177339901477831,北方稀土,BFXT
556,002007.XSHE,2020-06,0,0.5680035,Long,0.2168528411850412,华兰生物,HLSW
557,601216.XSHG,2020-06,0,0.5311902,Long,0.024193548387096756,君正集团,JZJT
558,603833.XSHG,2020-06,0,0.5275275,Long,-0.04262349248306618,欧派家居,OPJJ
559,601225.XSHG,2020-06,0,0.5186445,Long,0.005813953488372103,陕西煤业,SXMY
0,601857.XSHG,2018-01,2,0.9983089,Short,-0.11432325886990813,中国石油,ZGSY
1,002352.XSHE,2018-01,2,0.67044294,Short,0.008476286579212844,顺丰控股,SFKG
2,002460.XSHE,2018-01,2,0.66536915,Short,0.1904051172707889,赣锋锂业,GFLY
3,601899.XSHG,2018-01,2,0.6134128,Short,-0.11724137931034505,紫金矿业,ZJKY
4,002714.XSHE,2018-01,2,0.5926973,Short,-0.12899408284023672,牧原股份,MYGF
5,601857.XSHG,2018-02,2,0.998757,Short,0.11202830188679247,中国石油,ZGSY
6,600048.XSHG,2018-02,2,0.725467,Short,0.15111695137976355,保利地产,BLDC
7,002146.XSHE,2018-02,2,0.7028915,Short,0.20353982300884954,荣盛发展,RSFZ
8,600340.XSHG,2018-02,2,0.6541609,Short,0.17358613926119648,华夏幸福,HXXF
9,603993.XSHG,2018-02,2,0.63560545,Short,-0.13509749303621188,洛阳钼业,LYMY
10,002352.XSHE,2018-02,2,0.5870395,Short,0.0012212497455730276,顺丰控股,SFKG
11,002001.XSHE,2018-02,2,0.57022643,Short,0.040930232558139434,新和成,XHC
12,000002.XSHE,2018-02,2,0.5412206,Short,0.1295336787564768,万科A,WKA
13,002601.XSHE,2018-02,2,0.5227984,Short,-0.014131897711978425,龙蟒佰利,LMBL
14,002508.XSHE,2018-03,2,1.0,Short,0.09895013123359586,老板电器,LBDQ
15,601857.XSHG,2018-03,2,0.99479693,Short,0.045152722443559064,中国石油,ZGSY
16,002352.XSHE,2018-03,2,0.6385079,Short,0.004483391073975884,顺丰控股,SFKG
17,601857.XSHG,2018-04,2,0.99809366,Short,-0.0013908205841446366,中国石油,ZGSY
18,002460.XSHE,2018-04,2,0.6003247,Short,0.19375247133254248,赣锋锂业,GFLY
19,600271.XSHG,2018-04,2,0.5520402,Short,0.07540983606557372,航天信息,HTXX
20,002024.XSHE,2018-04,2,0.5437305,Short,0.07714701601164486,苏宁易购,SNYG
21,601857.XSHG,2018-05,2,0.9983638,Short,-0.0430555555555554,中国石油,ZGSY
22,600570.XSHG,2018-05,2,0.6400325,Short,0.048101265822784615,恒生电子,HSDZ
23,002460.XSHE,2018-06,2,0.7212566,Short,0.07531584062196295,赣锋锂业,GFLY
24,603288.XSHG,2018-06,2,0.63456106,Short,0.01731177527355865,海天味业,HTWY
25,300433.XSHE,2018-06,2,0.61976236,Short,0.10367454068241466,蓝思科技,LSKJ
26,600760.XSHG,2018-06,2,0.5460407,Short,-0.06218537163162562,中航沈飞,ZHSF
27,000066.XSHE,2018-06,2,0.5106497,Short,0.10000000000000007,中国长城,ZGCC
28,002460.XSHE,2018-08,2,0.78954315,Short,0.1862448418156809,赣锋锂业,GFLY
29,601857.XSHG,2018-09,2,0.88719696,Short,-0.15354330708661412,中国石油,ZGSY
30,601857.XSHG,2018-10,2,0.97464097,Short,0.09328782707622296,中国石油,ZGSY
31,600010.XSHG,2018-10,2,0.72895443,Short,0.024242424242424176,包钢股份,BGGF
32,601989.XSHG,2018-10,2,0.5107838,Short,0.018867924528301886,中国重工,ZGZG
33,601989.XSHG,2018-11,2,0.52930945,Short,-0.016826923076923128,中国重工,ZGZG
34,603799.XSHG,2018-12,2,0.7454605,Short,0.11473522640061395,华友钴业,HYGY
35,601989.XSHG,2018-12,2,0.68746346,Short,-0.0023640661938533203,中国重工,ZGZG
36,300136.XSHE,2018-12,2,0.6156162,Short,0.13536243492190625,信维通信,XWTX
37,002460.XSHE,2018-12,2,0.6107707,Short,0.12740384615384615,赣锋锂业,GFLY
38,603986.XSHG,2018-12,2,0.55966127,Short,0.17273576097105514,兆易创新,ZYCX
39,603799.XSHG,2019-03,2,0.87175244,Short,0.01911915329463976,华友钴业,HYGY
40,601216.XSHG,2019-03,2,0.75594854,Short,0.0303867403314918,君正集团,JZJT
41,601989.XSHG,2019-03,2,0.7417254,Short,-0.12115384615384615,中国重工,ZGZG
42,002460.XSHE,2019-03,2,0.7275265,Short,-0.024849397590361418,赣锋锂业,GFLY
43,002456.XSHE,2019-03,2,0.59902364,Short,-0.026030368763557462,欧菲光,OFG
44,300059.XSHE,2019-03,2,0.5712512,Short,0.011053795136330202,东方财富,DFCF
45,002129.XSHE,2019-03,2,0.5198999,Short,-0.024896265560165887,中环股份,ZHGF
46,600516.XSHG,2019-03,2,0.5058037,Short,-0.015947467166979257,方大炭素,FDTS
47,000723.XSHE,2019-04,2,0.89996946,Short,-0.6435536294691224,美锦能源,MJNY
48,603799.XSHG,2019-04,2,0.87940204,Short,0.22450400278454571,华友钴业,HYGY
49,300136.XSHE,2019-04,2,0.8565928,Short,0.07051059395623471,信维通信,XWTX
50,600352.XSHG,2019-04,2,0.8386436,Short,-0.1807807807807809,浙江龙盛,ZJLS
51,000066.XSHE,2019-04,2,0.8164915,Short,0.1730038022813688,中国长城,ZGCC
52,002460.XSHE,2019-04,2,0.80295277,Short,0.10690668626010293,赣锋锂业,GFLY
53,601989.XSHG,2019-04,2,0.73785263,Short,0.02915951972555741,中国重工,ZGZG
54,601633.XSHG,2019-04,2,0.721422,Short,-0.15143246930422904,长城汽车,CCQC
55,601155.XSHG,2019-04,2,0.6953235,Short,0.12251815980629532,新城控股,XCKG
56,002008.XSHE,2019-04,2,0.6870107,Short,0.07343824511206487,大族激光,DZJG
57,002236.XSHE,2019-04,2,0.66160434,Short,-0.012353304508956107,大华股份,DHGF
58,603369.XSHG,2019-04,2,0.6600314,Short,0.08987161198288163,今世缘,JSY
59,300014.XSHE,2019-04,2,0.6402022,Short,-0.0546875,亿纬锂能,YWLN
60,000938.XSHE,2019-04,2,0.6057596,Short,0.10480490164463074,紫光股份,ZGGF
61,000568.XSHE,2019-04,2,0.60025525,Short,-0.16975072641076605,泸州老窖,LZLJ
62,600516.XSHG,2019-04,2,0.5999925,Short,0.07109879963065557,方大炭素,FDTS
63,300003.XSHE,2019-04,2,0.5826488,Short,-0.005351681957186605,乐普医疗,LPYL
64,603986.XSHG,2019-04,2,0.55556387,Short,0.18321562110511005,兆易创新,ZYCX
65,002456.XSHE,2019-04,2,0.5470709,Short,0.15010570824524305,欧菲光,OFG
66,002508.XSHE,2019-04,2,0.53048813,Short,0.09386164339071124,老板电器,LBDQ
67,000723.XSHE,2019-05,2,0.99499846,Short,0.17336849044166125,美锦能源,MJNY
68,300136.XSHE,2019-05,2,0.82500994,Short,0.16890881913303446,信维通信,XWTX
69,002236.XSHE,2019-05,2,0.79887253,Short,0.2422208663819403,大华股份,DHGF
70,600390.XSHG,2019-05,2,0.77232105,Short,0.11854460093896713,五矿资本,WKZB
71,600276.XSHG,2019-05,2,0.7520662,Short,0.05451884376143423,恒瑞医药,HRYY
72,600867.XSHG,2019-05,2,0.6549447,Short,0.042290175666883416,通化东宝,THDB
73,002463.XSHE,2019-05,2,0.6505951,Short,0.18482142857142847,沪电股份,HDGF
74,000066.XSHE,2019-05,2,0.60266584,Short,-0.11839080459770135,中国长城,ZGCC
75,601360.XSHG,2019-05,2,0.5613871,Short,0.06951165860096797,三六零,SLL
76,000708.XSHE,2019-05,2,0.55409575,Short,-0.020086083213773483,中信特钢,ZXTG
77,000977.XSHE,2019-05,2,0.5202503,Short,0.056027164685908286,浪潮信息,LCXX
78,002468.XSHE,2019-05,2,0.5074535,Short,-0.03926589842082806,申通快递,STKD
79,600111.XSHG,2019-06,2,0.79187983,Short,0.01834862385321101,北方稀土,BFXT
80,000723.XSHE,2019-06,2,0.67707366,Short,0.16666666666666666,美锦能源,MJNY
81,600010.XSHG,2019-06,2,0.569761,Short,0.040000000000000036,包钢股份,BGGF
82,600276.XSHG,2019-07,2,0.82004863,Short,-0.014215418261344981,恒瑞医药,HRYY
83,000723.XSHE,2019-07,2,0.5526081,Short,0.028708133971291794,美锦能源,MJNY
84,300059.XSHE,2019-08,2,0.7690619,Short,0.0049586776859504855,东方财富,DFCF
85,600276.XSHG,2019-08,2,0.5740725,Short,-0.19586702605570536,恒瑞医药,HRYY
86,600276.XSHG,2019-09,2,0.8185734,Short,-0.007813673929376375,恒瑞医药,HRYY
87,300136.XSHE,2019-09,2,0.7039198,Short,-0.12559017941454198,信维通信,XWTX
88,603501.XSHG,2019-09,2,0.56494313,Short,-0.11412673177379062,韦尔股份,WEGF
89,601989.XSHG,2019-09,2,0.5113704,Short,0.09375,中国重工,ZGZG
90,300059.XSHE,2019-10,2,0.86099136,Short,-0.009764035801464788,东方财富,DFCF
91,000723.XSHE,2019-10,2,0.79928714,Short,0.12349726775956292,美锦能源,MJNY
92,600276.XSHG,2019-10,2,0.75474584,Short,-0.1264350678395707,恒瑞医药,HRYY
93,300033.XSHE,2019-10,2,0.6970146,Short,0.02011581834806464,同花顺,THS
94,601360.XSHG,2019-10,2,0.6683141,Short,0.03673643741990595,三六零,SLL
95,603019.XSHG,2019-10,2,0.65173155,Short,0.026175869120654397,中科曙光,ZKSG
96,000977.XSHE,2019-10,2,0.5203218,Short,-0.02694736842105261,浪潮信息,LCXX
97,600276.XSHG,2019-11,2,0.72771984,Short,0.054798146922567785,恒瑞医药,HRYY
98,601360.XSHG,2019-11,2,0.5503134,Short,0.08292682926829276,三六零,SLL
99,300059.XSHE,2019-11,2,0.52441466,Short,0.07171635777598717,东方财富,DFCF
100,600276.XSHG,2019-12,2,0.7719913,Short,-0.01890491527797233,恒瑞医药,HRYY
101,000977.XSHE,2019-12,2,0.54353017,Short,-0.005421033610408354,浪潮信息,LCXX
102,002463.XSHE,2019-12,2,0.5156491,Short,0.0125391849529779,沪电股份,HDGF
103,600276.XSHG,2020-01,2,0.74421066,Short,-0.005360087960417871,恒瑞医药,HRYY
104,000066.XSHE,2020-01,2,0.7030369,Short,0.08868894601542421,中国长城,ZGCC
105,300059.XSHE,2020-01,2,0.69297564,Short,0.044207317073170715,东方财富,DFCF
106,601360.XSHG,2020-01,2,0.63428366,Short,-0.04522184300341281,三六零,SLL
107,300033.XSHE,2020-01,2,0.6177169,Short,0.0005542213190468104,同花顺,THS
108,300014.XSHE,2020-01,2,0.58400744,Short,-0.20250759878419444,亿纬锂能,YWLN
109,601360.XSHG,2020-02,2,0.80986214,Short,0.09020408163265314,三六零,SLL
110,300059.XSHE,2020-02,2,0.7929663,Short,-0.15071770334928236,东方财富,DFCF
111,300033.XSHE,2020-02,2,0.67138934,Short,-0.1324399260628466,同花顺,THS
112,600276.XSHG,2020-02,2,0.637167,Short,0.044292549555707605,恒瑞医药,HRYY
113,603160.XSHG,2020-02,2,0.61298174,Short,0.08341496719802899,汇顶科技,HDKJ
114,000066.XSHE,2020-02,2,0.5285272,Short,0.013399153737658652,中国长城,ZGCC
115,002463.XSHE,2020-02,2,0.50751114,Short,-0.08865546218487386,沪电股份,HDGF
116,601360.XSHG,2020-03,2,0.87569684,Short,0.15298340062808435,三六零,SLL
117,300059.XSHE,2020-03,2,0.84059644,Short,0.07484407484407485,东方财富,DFCF
118,002230.XSHE,2020-03,2,0.80541766,Short,0.107068607068607,科大讯飞,KDXF
119,603986.XSHG,2020-03,2,0.7444591,Short,0.333371944862736,兆易创新,ZYCX
120,600588.XSHG,2020-03,2,0.7309633,Short,0.12170212765957444,用友网络,YYWL
121,600276.XSHG,2020-03,2,0.7306476,Short,-0.09440709483621812,恒瑞医药,HRYY
122,002352.XSHE,2020-03,2,0.68031955,Short,0.03492193919474118,顺丰控股,SFKG
123,000100.XSHE,2020-03,2,0.67667514,Short,0.2961672473867596,TCL科技,TCLKJ
124,000938.XSHE,2020-03,2,0.610809,Short,0.2223690004403347,紫光股份,ZGGF
125,000977.XSHE,2020-03,2,0.60248214,Short,0.003602676273803396,浪潮信息,LCXX
126,603019.XSHG,2020-03,2,0.59579027,Short,0.033250466128029836,中科曙光,ZKSG
127,000876.XSHE,2020-03,2,0.5621336,Short,-0.2991275446614041,新希望,XXW
128,600031.XSHG,2020-03,2,0.5554058,Short,0.007458405048766492,三一重工,SYZG
129,002129.XSHE,2020-03,2,0.5018566,Short,0.18735763097949887,中环股份,ZHGF
130,600276.XSHG,2020-04,2,0.8495865,Short,-0.010586851391974685,恒瑞医药,HRYY
131,603288.XSHG,2020-04,2,0.80184466,Short,0.017888222780893526,海天味业,HTWY
132,300059.XSHE,2020-04,2,0.7464193,Short,-0.1363295880149813,东方财富,DFCF
133,002120.XSHE,2020-04,2,0.53298223,Short,0.04033970276008492,韵达股份,YDGF
134,601360.XSHG,2020-04,2,0.5087073,Short,0.014300847457627053,三六零,SLL
135,600276.XSHG,2020-05,2,0.8516839,Short,-0.017847904811174375,恒瑞医药,HRYY
136,300059.XSHE,2020-05,2,0.74721175,Short,0.0606460118655241,东方财富,DFCF
137,601138.XSHG,2020-05,2,0.73455495,Short,0.08758620689655172,工业富联,GYFL
138,600115.XSHG,2020-05,2,0.72702086,Short,0.05022831050228305,东方航空,DFHK
139,000066.XSHE,2020-05,2,0.6986465,Short,-0.1606086221470837,中国长城,ZGCC
140,300033.XSHE,2020-05,2,0.66338223,Short,0.1017999162829636,同花顺,THS
141,002241.XSHE,2020-05,2,0.5730498,Short,-0.10337662337662333,歌尔股份,GEGF
142,603019.XSHG,2020-05,2,0.56080455,Short,-0.08134805345729212,中科曙光,ZKSG
143,601888.XSHG,2020-05,2,0.535272,Short,-0.10885101704233092,中国中免,ZGZM
144,603019.XSHG,2020-06,2,0.7115783,Short,-0.031703385276733,中科曙光,ZKSG
145,603288.XSHG,2020-06,2,0.65787363,Short,-0.08268059181897303,海天味业,HTWY
146,300059.XSHE,2020-06,2,0.6538772,Short,-0.4175438596491228,东方财富,DFCF
147,603986.XSHG,2020-06,2,0.60110044,Short,-0.2198665908268267,兆易创新,ZYCX
148,300015.XSHE,2020-06,2,0.5888701,Short,-0.10955056179775302,爱尔眼科,AEYK
149,002129.XSHE,2020-06,2,0.54901546,Short,-0.2812321734169993,中环股份,ZHGF
